test@gmail.com;$2y$10$cz38BNz1YsM94gBTGM0SJeB/rkF.bpGBJG11fR3xlOuvC/esxUIAO
asasas@gmail.com;$2y$10$RisVgwWJOwjIutCuqpu1deerKeiev1NlJHUUq1w9akPZc2aSar3IO
test11@nku.edu;$2y$10$hIgznn/YuAi4rBioNUdnXuALFPiH0NrxVhY4lGG46HARJ1f1mNyo2
teddamssddsare@nku.edu;$2y$10$ebsHi6qVmfSyoa/QzzK6Leg0eXk8zGDHSAJEAp2DWcCOnVpeh3ZpS
am@am.com;$2y$10$SXA.h4axu4nNIozfmQDja.lGqID8MKnEiqiKXZaFZYp50ptXjUCRC
yoyoyo@gmail.com;$2y$10$N2D9cANfzt4G3Uuy2VEAYe2Xhnp18fPHUPmVRz5opxcP.3C4pk65C
123@gmail.com;$2y$10$dms0KPNgbCw9NZLQVK0FduHeHonXSf1R1MICF6tEYGHT0lCiFpsYu
123@gmail.com;$2y$10$Lm9ZHKhLc.h4g30Daw7IeeKz/9W4j24v0YNW2RW4JP6JH8kxW9tR6
ted@me.com;$2y$10$0w6IpeLbUjN3D2ARt3Ls9uuZJZrvwlHXuuPjhfLTUWbyRsOK3kw/C
ted@me.com;$2y$10$dbP1sg4r09yhNgy0HX.5b.xJbZleBc.2v8OAWuJ6sf/E800mgkHFC
ted@me.com;$2y$10$NhGC.BNT3RKQYfIIfv7rhu2iZ7gxCynkyh/CypgoRQAAmPi.BAwxy
ted@gmail.com;$2y$10$0jaCy8NGH1PIh3jvoxqKUu85xwi/ppkN40E1GED30gyW7m0a3KKCi
